BEGIN,0,END
BEGIN,1,END
BEGIN,2,END
BEGIN,3,END
BEGIN,4,END
BEGIN,5,END
BEGIN,6,END
BEGIN,7,END
BEGIN,8,END
BEGIN,9,END
BEGIN,10,END
BEGIN,11,END
BEGIN,12,END
BEGIN,13,END
BEGIN,14,END
BEGIN,15,END
BEGIN,16,END
BEGIN,17,END
BEGIN,18,END
BEGIN,19,END
BEGIN,20,END
BEGIN,21,END
BEGIN,22,END
BEGIN,23,END
BEGIN,24,END
BEGIN,25,END
BEGIN,26,END
BEGIN,27,END
BEGIN,28,END
BEGIN,29,END
BEGIN,30,END
BEGIN,31,END
BEGIN,32,END
BEGIN,33,END
BEGIN,34,END
BEGIN,35,END
BEGIN,36,END
BEGIN,37,END
BEGIN,38,END
BEGIN,39,END
BEGIN,40,END
BEGIN,41,END
BEGIN,42,END
BEGIN,43,END
BEGIN,44,END
BEGIN,45,END
BEGIN,46,END
BEGIN,47,END
BEGIN,48,END
BEGIN,49,END
BEGIN,50,END
BEGIN,51,END
BEGIN,52,END
BEGIN,53,END
BEGIN,54,END
BEGIN,55,END
BEGIN,56,END
BEGIN,57,END
BEGIN,58,END
BEGIN,59,END
BEGIN,60,END
BEGIN,61,END
BEGIN,62,END
BEGIN,63,END
BEGIN,64,END
BEGIN,65,END
BEGIN,66,END
BEGIN,67,END
BEGIN,68,END
BEGIN,69,END
BEGIN,70,END
BEGIN,71,END
BEGIN,72,END
BEGIN,73,END
BEGIN,74,END
BEGIN,75,END
BEGIN,76,END
BEGIN,77,END
BEGIN,78,END
BEGIN,79,END
BEGIN,80,END
BEGIN,81,END
BEGIN,82,END
BEGIN,83,END
BEGIN,84,END
BEGIN,85,END
BEGIN,86,END
BEGIN,87,END
BEGIN,88,END
BEGIN,89,END
BEGIN,90,END
BEGIN,91,END
BEGIN,92,END
BEGIN,93,END
BEGIN,94,END
BEGIN,95,END
BEGIN,96,END
BEGIN,97,END
BEGIN,98,END
BEGIN,99,END
